{"loss": [0.22807379066944122, 0.17445367574691772, 0.24511142075061798, 0.19004064798355103, 0.18346157670021057, 0.05726874619722366, 0.04123362898826599, 0.06999796628952026, 0.03353795409202576, 0.0300939679145813], "l2": [0.22646619379520416, 0.1731589287519455, 0.24384570121765137, 0.18510638177394867, 0.1681930273771286, 0.03334891423583031, 0.01738017238676548, 0.045396339148283005, 0.009791383519768715, 0.012223430909216404], "l1": [0.00016075975145213306, 0.0001294739922741428, 0.00012657126353587955, 0.0004934273310936987, 0.0015268555143848062, 0.0023919830564409494, 0.002385345520451665, 0.0024601623881608248, 0.0023746569640934467, 0.0017870537703856826], "val_loss": [0.18414336442947388, 0.18319587409496307, 0.1828918755054474, 0.17291760444641113, 0.1478978991508484, 0.05233357846736908, 0.03431492671370506, 0.034049998968839645, 0.031548138707876205, 0.033179350197315216], "val_l2": [0.1819780319929123, 0.18190132081508636, 0.181901752948761, 0.16552217304706573, 0.1323504000902176, 0.032728493213653564, 0.01247416716068983, 0.014763015322387218, 0.009823393076658249, 0.012423142790794373], "val_l1": [0.00021653251315001398, 0.00012945498747285455, 9.901183511829004e-05, 0.0007395436987280846, 0.0015547502553090453, 0.001960508292540908, 0.002184076001867652, 0.0019286982715129852, 0.002172474516555667, 0.0020756206940859556]}