{"loss": [0.15847909450531006, 0.1981106847524643, 0.22094231843948364, 0.18406759202480316, 0.21730701625347137, 0.22043268382549286, 0.15761233866214752, 0.23076637089252472, 0.20227539539337158, 0.1880948692560196], "l2": [0.15847909450531006, 0.1981106847524643, 0.22094231843948364, 0.18406759202480316, 0.21730701625347137, 0.22043268382549286, 0.15761233866214752, 0.23076637089252472, 0.20227539539337158, 0.1880948692560196], "l1": [0.0, 0.0, 0.0, 0.0, 0.0, 0.0, 0.0, 0.0, 0.0, 0.0], "val_loss": [0.1774028092622757, 0.1774028092622757, 0.1774028092622757, 0.1774028092622757, 0.1774028092622757, 0.1774028092622757, 0.1774028092622757, 0.1774028092622757, 0.1774028092622757, 0.1774028092622757], "val_l2": [0.1774028092622757, 0.1774028092622757, 0.1774028092622757, 0.1774028092622757, 0.1774028092622757, 0.1774028092622757, 0.1774028092622757, 0.1774028092622757, 0.1774028092622757, 0.1774028092622757], "val_l1": [0.0, 0.0, 0.0, 0.0, 0.0, 0.0, 0.0, 0.0, 0.0, 0.0]}