{"loss": [0.07090156525373459, 0.04752558469772339, 0.0652155876159668, 0.060935989022254944, 0.06285177916288376, 0.037491507828235626, 0.07034159451723099, 0.07177094370126724, 0.05931060016155243, 0.08138525485992432, 0.042026787996292114, 0.09613371640443802, 0.0754777044057846, 0.060545485466718674, 0.05443571135401726, 0.054939597845077515, 0.06524670869112015, 0.05585762858390808, 0.03781414031982422, 0.06565157324075699, 0.11364805698394775, 0.070674367249012, 0.027931222692131996, 0.06356564164161682, 0.08541637659072876, 0.0632147416472435, 0.0985361710190773, 0.02710968814790249, 0.029651323333382607, 0.05776681378483772], "l2": [0.07090156525373459, 0.04752558469772339, 0.0652155876159668, 0.060935989022254944, 0.06285177916288376, 0.037491507828235626, 0.07034159451723099, 0.07177094370126724, 0.05931060016155243, 0.08138525485992432, 0.042026787996292114, 0.09613371640443802, 0.0754777044057846, 0.060545485466718674, 0.05443571135401726, 0.054939597845077515, 0.06524670869112015, 0.05585762858390808, 0.03781414031982422, 0.06565157324075699, 0.11364805698394775, 0.070674367249012, 0.027931222692131996, 0.06356564164161682, 0.08541637659072876, 0.0632147416472435, 0.0985361710190773, 0.02710968814790249, 0.029651323333382607, 0.05776681378483772], "l1": [0.0, 0.0, 0.0, 0.0, 0.0, 0.0, 0.0, 0.0, 0.0, 0.0, 0.0, 0.0, 0.0, 0.0, 0.0, 0.0, 0.0, 0.0, 0.0, 0.0, 0.0, 0.0, 0.0, 0.0, 0.0, 0.0, 0.0, 0.0, 0.0, 0.0], "val_loss": [0.03995911404490471, 0.03995911404490471, 0.03995911404490471, 0.03995911404490471, 0.03995911404490471, 0.03995911404490471, 0.03995911404490471, 0.03995911404490471, 0.03995911404490471, 0.03995911404490471, 0.03995911404490471, 0.03995911404490471, 0.03995911404490471, 0.03995911404490471, 0.03995911404490471, 0.03995911404490471, 0.03995911404490471, 0.03995911404490471, 0.03995911404490471, 0.03995911404490471, 0.03995911404490471, 0.03995911404490471, 0.03995911404490471, 0.03995911404490471, 0.03995911404490471, 0.03995911404490471, 0.03995911404490471, 0.03995911404490471, 0.03995911404490471, 0.03995911404490471], "val_l2": [0.03995911404490471, 0.03995911404490471, 0.03995911404490471, 0.03995911404490471, 0.03995911404490471, 0.03995911404490471, 0.03995911404490471, 0.03995911404490471, 0.03995911404490471, 0.03995911404490471, 0.03995911404490471, 0.03995911404490471, 0.03995911404490471, 0.03995911404490471, 0.03995911404490471, 0.03995911404490471, 0.03995911404490471, 0.03995911404490471, 0.03995911404490471, 0.03995911404490471, 0.03995911404490471, 0.03995911404490471, 0.03995911404490471, 0.03995911404490471, 0.03995911404490471, 0.03995911404490471, 0.03995911404490471, 0.03995911404490471, 0.03995911404490471, 0.03995911404490471], "val_l1": [0.0, 0.0, 0.0, 0.0, 0.0, 0.0, 0.0, 0.0, 0.0, 0.0, 0.0, 0.0, 0.0, 0.0, 0.0, 0.0, 0.0, 0.0, 0.0, 0.0, 0.0, 0.0, 0.0, 0.0, 0.0, 0.0, 0.0, 0.0, 0.0, 0.0]}