{"loss": [0.2198338359594345, 0.162485733628273, 0.198055237531662, 0.14520810544490814, 0.1404908448457718, 0.11668268591165543, 0.1109626442193985, 0.11935538053512573, 0.09135133028030396, 0.06657245010137558], "l2": [0.20980362594127655, 0.14236564934253693, 0.16476865112781525, 0.1102084144949913, 0.102570079267025, 0.07720285654067993, 0.07010304182767868, 0.07799707353115082, 0.0588054358959198, 0.04036891832947731], "l1": [0.0010030210250988603, 0.002012009033933282, 0.003328657941892743, 0.0034999686758965254, 0.003792076138779521, 0.003947983030229807, 0.004085959866642952, 0.004135830327868462, 0.003254589391872287, 0.0026203531306236982], "val_loss": [0.1786801815032959, 0.16659431159496307, 0.14900235831737518, 0.13641658425331116, 0.11976183950901031, 0.10908804088830948, 0.09959165751934052, 0.09083465486764908, 0.08468297123908997, 0.08169389516115189], "val_l2": [0.1697060614824295, 0.14669178426265717, 0.12044954299926758, 0.09846228361129761, 0.08538830280303955, 0.07229521125555038, 0.06274675577878952, 0.05735637620091438, 0.05379064381122589, 0.05191069468855858], "val_l1": [0.0008974115480668843, 0.0019902533385902643, 0.0028552815783768892, 0.003795430762693286, 0.0034373539965599775, 0.0036792829632759094, 0.0036844902206212282, 0.003347827820107341, 0.0030892330687493086, 0.0029783202335238457]}