{"loss": [0.15290957689285278, 0.08815155923366547, 0.059742897748947144, 0.04059727489948273, 0.04785190895199776, 0.035597287118434906, 0.03608632832765579, 0.04976622387766838, 0.041173920035362244, 0.025392945855855942, 0.0346229188144207, 0.04105968400835991, 0.05039826035499573, 0.03935106098651886, 0.043333884328603745, 0.03941057622432709, 0.050267234444618225, 0.039158646017313004, 0.04552643746137619, 0.028188465163111687, 0.031158195808529854, 0.03646659106016159, 0.041893329471349716, 0.037344880402088165, 0.038542091846466064, 0.02214123122394085, 0.0337626188993454, 0.027096040546894073, 0.024194227531552315, 0.027150336652994156, 0.04534884914755821, 0.02946053072810173, 0.0288580022752285, 0.030928995460271835, 0.03753118962049484, 0.03575131297111511, 0.04231443628668785, 0.04277562350034714, 0.03307661414146423, 0.028169460594654083, 0.03637570142745972, 0.0340031199157238, 0.04191720113158226, 0.03549538925290108, 0.0281263068318367, 0.03426628187298775, 0.023699548095464706, 0.03603294491767883, 0.03984864801168442, 0.02928227186203003], "l2": [0.12387946993112564, 0.060676753520965576, 0.03391590341925621, 0.019303398206830025, 0.027855509892106056, 0.014632340520620346, 0.015604790300130844, 0.027538998052477837, 0.023166557773947716, 0.010334058664739132, 0.010267839767038822, 0.0188505370169878, 0.034265514463186264, 0.01512494683265686, 0.01997869648039341, 0.02072066068649292, 0.03232940286397934, 0.018958834931254387, 0.023740166798233986, 0.0077697415836155415, 0.01241341233253479, 0.016490591689944267, 0.023393310606479645, 0.020252911373972893, 0.021192587912082672, 0.0038973705377429724, 0.011917904019355774, 0.007057528477162123, 0.004051981959491968, 0.011230643838644028, 0.026103511452674866, 0.011821488849818707, 0.013375290669500828, 0.011149436235427856, 0.016070621088147163, 0.019433241337537766, 0.02150028757750988, 0.026049816980957985, 0.012065164744853973, 0.005213384050875902, 0.016933681443333626, 0.015181292779743671, 0.0203411728143692, 0.011497706174850464, 0.00869185570627451, 0.013078373856842518, 0.007868709973990917, 0.013325178064405918, 0.021466189995408058, 0.011770252138376236], "l1": [0.0029030099976807833, 0.0027474805247038603, 0.002582699526101351, 0.0021293878089636564, 0.00199963990598917, 0.0020964948926120996, 0.0020481538958847523, 0.002222722629085183, 0.0018007360631600022, 0.0015058886492624879, 0.0024355079513043165, 0.002220914699137211, 0.0016132743330672383, 0.002422611229121685, 0.002335518831387162, 0.0018689915305003524, 0.0017937830416485667, 0.0020199811551719904, 0.002178627299144864, 0.0020418723579496145, 0.0018744784174486995, 0.0019976000767201185, 0.0018500018632039428, 0.0017091971822082996, 0.0017349502304568887, 0.0018243860686197877, 0.00218447158113122, 0.0020038511138409376, 0.002014224650338292, 0.0015919692814350128, 0.0019245337462052703, 0.0017639041179791093, 0.001548271276988089, 0.001977955922484398, 0.0021460570860654116, 0.0016318074194714427, 0.002081414917483926, 0.0016725803725421429, 0.0021011449862271547, 0.002295607700943947, 0.001944201998412609, 0.001882182783447206, 0.0021576029248535633, 0.002399768214672804, 0.0019434451824054122, 0.002118790755048394, 0.0015830836491659284, 0.002270776778459549, 0.0018382460111752152, 0.0017512020422145724], "val_loss": [0.12851586937904358, 0.07903678715229034, 0.03768268972635269, 0.03287532925605774, 0.032902199774980545, 0.031083662062883377, 0.030203890055418015, 0.03041689284145832, 0.02778390422463417, 0.027914676815271378, 0.031123951077461243, 0.028699519112706184, 0.02766108512878418, 0.0273774191737175, 0.027011830359697342, 0.02748248726129532, 0.026558995246887207, 0.02628418803215027, 0.026849519461393356, 0.03130976855754852, 0.02670513093471527, 0.027382146567106247, 0.026172496378421783, 0.02581317350268364, 0.02555263042449951, 0.025324327871203423, 0.025418296456336975, 0.026314470916986465, 0.02629469707608223, 0.025884605944156647, 0.025518324226140976, 0.02521286904811859, 0.02626872807741165, 0.025007173418998718, 0.025520477443933487, 0.02650243416428566, 0.025326065719127655, 0.02593216300010681, 0.025120727717876434, 0.026250354945659637, 0.025339817628264427, 0.026603756472468376, 0.025351613759994507, 0.026379089802503586, 0.025205880403518677, 0.02600373700261116, 0.024991050362586975, 0.024511229246854782, 0.02524814009666443, 0.024940311908721924], "val_l2": [0.10484755039215088, 0.05611314997076988, 0.017330437898635864, 0.013916432857513428, 0.012709739618003368, 0.011273088864982128, 0.011571213603019714, 0.010683059692382812, 0.009705771692097187, 0.009423277340829372, 0.012704729102551937, 0.009082036092877388, 0.008851567283272743, 0.010217760689556599, 0.009301318787038326, 0.008541404269635677, 0.009829399175941944, 0.009188455529510975, 0.010451563633978367, 0.015733830630779266, 0.00882056076079607, 0.011383782140910625, 0.008796648122370243, 0.008742883801460266, 0.00897617544978857, 0.008859332650899887, 0.00840842816978693, 0.010478280484676361, 0.008380260318517685, 0.009413830004632473, 0.008663457818329334, 0.00862730760127306, 0.010421332903206348, 0.008450916968286037, 0.008223148994147778, 0.009441754780709743, 0.008375183679163456, 0.009252781979739666, 0.008207659237086773, 0.010608549229800701, 0.00877237506210804, 0.010544601827859879, 0.00901282113045454, 0.008425663225352764, 0.009027165360748768, 0.008173477835953236, 0.008607798255980015, 0.007842947728931904, 0.007898670621216297, 0.008353563956916332], "val_l1": [0.002366831758990884, 0.002292363904416561, 0.0020352250430732965, 0.0018958896398544312, 0.0020192458759993315, 0.001981057459488511, 0.0018632677383720875, 0.0019733833614736795, 0.0018078131834045053, 0.0018491399241611362, 0.001841922290623188, 0.0019617483485490084, 0.001880951807834208, 0.0017159656854346395, 0.0017710510874167085, 0.0018941083690151572, 0.0016729597700759768, 0.0017095733201131225, 0.0016397956060245633, 0.0015575936995446682, 0.0017884569242596626, 0.0015998362796381116, 0.0017375849420204759, 0.001707028946839273, 0.0016576455673202872, 0.0016464994987472892, 0.0017009867588058114, 0.0015836190432310104, 0.0017914436757564545, 0.00164707750082016, 0.0016854865243658423, 0.0016585560515522957, 0.0015847394242882729, 0.00165562576148659, 0.0017297329613938928, 0.0017060680547729135, 0.0016950881108641624, 0.0016679380787536502, 0.0016913069412112236, 0.0015641804784536362, 0.001656744279898703, 0.0016059154877439141, 0.0016338792629539967, 0.0017953426577150822, 0.001617871574126184, 0.0017830258002504706, 0.0016383252805098891, 0.0016668280586600304, 0.0017349468544125557, 0.0016586746787652373]}