{"loss": [0.0687149167060852, 0.023067448288202286, 0.007078347261995077, 0.008422359824180603, 0.007718847133219242, 0.008634679950773716, 0.007459504995495081, 0.007208332419395447, 0.0054389783181250095, 0.0067566209472715855], "l2": [0.05988072231411934, 0.0095975948497653, 0.0009339161333627999, 0.0007580858073197305, 0.0003644844109658152, 0.0002059152611764148, 0.0002745219098869711, 0.0003244548861403018, 0.00023951080220285803, 0.00016439141472801566], "l1": [0.0008834197069518268, 0.0013469854602590203, 0.0006144430954009295, 0.0007664274307899177, 0.0007354362751357257, 0.0008428764413110912, 0.000718498311471194, 0.000688387721311301, 0.0005199467414058745, 0.0006592229474335909], "val_loss": [0.0740034282207489, 0.020824288949370384, 0.00940668024122715, 0.008345955982804298, 0.007451095152646303, 0.009650503285229206, 0.007452861871570349, 0.006929823663085699, 0.00683935359120369, 0.006905541755259037], "val_l2": [0.0657796636223793, 0.009271536022424698, 0.00246931123547256, 0.0007954793982207775, 0.0005431096651591361, 0.0036059694830328226, 0.0008078610408119857, 0.0002462263510096818, 0.00030983073520474136, 0.00048022562987171113], "val_l1": [0.0008223764598369598, 0.0011552752694115043, 0.0006937368889339268, 0.0007550476002506912, 0.000690798566211015, 0.0006044533802196383, 0.0006645001121796668, 0.000668359745759517, 0.000652952294331044, 0.0006425316096283495]}