{"loss": [0.4227191209793091, 0.5047072172164917, 0.4473697543144226, 0.46359944343566895, 0.41041988134384155, 0.2936999201774597, 0.36066871881484985, 0.39329859614372253, 0.3944794833660126, 0.4205802083015442], "l2": [0.39806196093559265, 0.476151704788208, 0.4146362245082855, 0.44014886021614075, 0.3705003261566162, 0.2541407644748688, 0.3182792365550995, 0.3455142080783844, 0.3461531400680542, 0.36588290333747864], "l1": [0.0024657153990119696, 0.0028555539902299643, 0.0032733529806137085, 0.0023450579028576612, 0.003991954494267702, 0.003955916967242956, 0.0042389496229588985, 0.004778437782078981, 0.00483263423666358, 0.005469731520861387], "val_loss": [0.7000669836997986, 0.40807610750198364, 0.4201240539550781, 0.6206905245780945, 0.469961017370224, 0.631920576095581, 0.4660634994506836, 0.41063201427459717, 0.6885978579521179, 0.3911300301551819], "val_l2": [0.6619591116905212, 0.37528494000434875, 0.3890945017337799, 0.5857418179512024, 0.42743441462516785, 0.5783282518386841, 0.41505756974220276, 0.3654167950153351, 0.6180372834205627, 0.3266777992248535], "val_l1": [0.0038107868749648333, 0.0032791171688586473, 0.003102953778579831, 0.0034948682878166437, 0.0042526600882411, 0.0053592342883348465, 0.005100593436509371, 0.004521521274000406, 0.007056059781461954, 0.006445223465561867]}