{"loss": [0.0687149316072464, 0.02312018722295761, 0.007051064167171717, 0.008501367643475533, 0.00822101254016161, 0.009932280518114567, 0.00776217645034194, 0.00800174567848444, 0.006373480428010225, 0.0069754705764353275], "l2": [0.05988071486353874, 0.009641666896641254, 0.0008152861264534295, 0.0015741875395178795, 0.00039762083906680346, 0.001625044154934585, 0.00036122099845670164, 0.0003252791939303279, 0.0003813645162153989, 0.00045765136019326746], "l1": [0.000883421569596976, 0.0013478519394993782, 0.0006235777982510626, 0.0006927180220372975, 0.000782339193392545, 0.0008307236130349338, 0.0007400955655612051, 0.0007676466484554112, 0.0005992116057313979, 0.0006517819128930569], "val_loss": [0.07400345802307129, 0.020849203690886497, 0.009658565744757652, 0.009271467104554176, 0.008475903421640396, 0.014605766162276268, 0.00756409065797925, 0.008299325592815876, 0.007022285368293524, 0.007207314949482679], "val_l2": [0.0657796785235405, 0.009259436279535294, 0.002791116014122963, 0.0007425846415571868, 0.0006960008759051561, 0.00588947394862771, 0.0007507859845645726, 0.0002662938495632261, 0.00042447776650078595, 0.00028452437254600227], "val_l1": [0.0008223775657825172, 0.0011589766945689917, 0.0006867449264973402, 0.0008528882171958685, 0.0007779902662150562, 0.0008716291631571949, 0.0006813304498791695, 0.0008033031481318176, 0.0006597807514481246, 0.000692279078066349]}