{"loss": [0.05998196825385094, 0.05475462228059769, 0.07146956771612167, 0.049577582627534866, 0.060461536049842834, 0.04831232130527496, 0.08402569591999054, 0.060740355402231216, 0.0630640834569931, 0.05102267116308212, 0.06792573630809784, 0.09217160195112228, 0.07316102087497711, 0.0914120078086853, 0.055948369204998016, 0.056424133479595184, 0.04933056980371475, 0.05271248146891594, 0.05213049054145813, 0.08439565449953079, 0.11333078891038895, 0.06986690312623978, 0.06873954087495804, 0.050287578254938126, 0.08111485093832016, 0.046124737709760666, 0.060465626418590546, 0.051642611622810364, 0.07340627163648605, 0.03965132310986519, 0.08532263338565826, 0.08611349016427994, 0.0858236700296402, 0.049980923533439636, 0.07019656896591187, 0.037285227328538895, 0.10876300930976868, 0.048738639801740646, 0.06429439783096313, 0.07240960001945496, 0.04298085719347, 0.03645075485110283, 0.12295953184366226, 0.06698564440011978, 0.05929534509778023, 0.060045696794986725, 0.039646632969379425, 0.031539272516965866, 0.028572803363204002, 0.04076836630702019, 0.035170987248420715, 0.01788518950343132, 0.05344254896044731, 0.0381627082824707, 0.028606602922081947, 0.029577741399407387, 0.01669159345328808, 0.013731330633163452, 0.019897663965821266, 0.025979559868574142], "l2": [0.058045729994773865, 0.05268259346485138, 0.0705755427479744, 0.048499394208192825, 0.05901379510760307, 0.0475689060986042, 0.08310148119926453, 0.059393759816884995, 0.0623733215034008, 0.05007350817322731, 0.06657620519399643, 0.09145192056894302, 0.07202396541833878, 0.08996701240539551, 0.05527333915233612, 0.055502016097307205, 0.04801502823829651, 0.05198175832629204, 0.05081159994006157, 0.08318663388490677, 0.11264636367559433, 0.06895244866609573, 0.06740733981132507, 0.04957376793026924, 0.08020683377981186, 0.04479629918932915, 0.059803664684295654, 0.05075116455554962, 0.07205889374017715, 0.0391288585960865, 0.08480177074670792, 0.08447771519422531, 0.08524414151906967, 0.049316566437482834, 0.06960985064506531, 0.03672722354531288, 0.10820285230875015, 0.048110801726579666, 0.06370330601930618, 0.07181994616985321, 0.04244890809059143, 0.035654786974191666, 0.12079610675573349, 0.06511145085096359, 0.05726049467921257, 0.05637449026107788, 0.03530694544315338, 0.026976564899086952, 0.023467669263482094, 0.03424796462059021, 0.02745894156396389, 0.011596099473536015, 0.04395568370819092, 0.028991013765335083, 0.020943159237504005, 0.02100803516805172, 0.010125059634447098, 0.007670519407838583, 0.013876084238290787, 0.020387420430779457], "l1": [0.0001936238695634529, 0.00020720290194731206, 8.940246334532276e-05, 0.0001078189816325903, 0.00014477410877589136, 7.434166764141992e-05, 9.242137457476929e-05, 0.00013465953816194087, 6.907612987561151e-05, 9.491611854173243e-05, 0.00013495296298060566, 7.196784281404689e-05, 0.00011370555876055732, 0.0001444994268240407, 6.75030896672979e-05, 9.221184882335365e-05, 0.00013155410124454647, 7.307220221264288e-05, 0.00013188912998884916, 0.00012090183008695021, 6.844237941550091e-05, 9.144565410679206e-05, 0.00013322009181138128, 7.138119690353051e-05, 9.080189192900434e-05, 0.00013284385204315186, 6.619602208957076e-05, 8.914476347854361e-05, 0.000134737987536937, 5.2246596169425175e-05, 5.208638685871847e-05, 0.0001635776279726997, 5.795282777398825e-05, 6.643562664976344e-05, 5.8672085287980735e-05, 5.580022116191685e-05, 5.6015833251876757e-05, 6.278392538661137e-05, 5.910899562877603e-05, 5.896510265301913e-05, 5.319504998624325e-05, 7.959669892443344e-05, 0.0002163426106562838, 0.00018741916574072093, 0.0002034849749179557, 0.0003671204613056034, 0.00043396872933954, 0.0004562706162687391, 0.0005105133750475943, 0.0006520400638692081, 0.0007712044753134251, 0.0006289089797064662, 0.0009486865601502359, 0.0009171695564873517, 0.0007663443684577942, 0.0008569706114940345, 0.0006566534284502268, 0.0006060811574570835, 0.0006021580193191767, 0.0005592139787040651], "val_loss": [0.05732251703739166, 0.056486912071704865, 0.05652275308966637, 0.05690661072731018, 0.05612858012318611, 0.05631504952907562, 0.05672592669725418, 0.056058719754219055, 0.05635027214884758, 0.056750357151031494, 0.05607299879193306, 0.056276679039001465, 0.056947261095047, 0.05610544979572296, 0.056325532495975494, 0.056717026978731155, 0.05603151023387909, 0.05638742074370384, 0.056915782392024994, 0.05584855377674103, 0.056278519332408905, 0.056675024330616, 0.05601423978805542, 0.05627411976456642, 0.05662868916988373, 0.05601942539215088, 0.056279826909303665, 0.056613434106111526, 0.05596534162759781, 0.055766526609659195, 0.05588185787200928, 0.05499059706926346, 0.05584783852100372, 0.05599204823374748, 0.05590169131755829, 0.055881064385175705, 0.055871933698654175, 0.05593734234571457, 0.05589694529771805, 0.05589612200856209, 0.05577510595321655, 0.05544336885213852, 0.05400872975587845, 0.05316952243447304, 0.049956802278757095, 0.04672664403915405, 0.032893069088459015, 0.03515363112092018, 0.02768825739622116, 0.024279950186610222, 0.02783576026558876, 0.022225532680749893, 0.024069683626294136, 0.020384877920150757, 0.018547747284173965, 0.017567947506904602, 0.017738450318574905, 0.016230715438723564, 0.015617324970662594, 0.015787973999977112], "val_l2": [0.055421750992536545, 0.05538639426231384, 0.05538518726825714, 0.055384669452905655, 0.05538423731923103, 0.05538131669163704, 0.05538186803460121, 0.05537877976894379, 0.05537885054945946, 0.05538605526089668, 0.055380720645189285, 0.055383116006851196, 0.05538877472281456, 0.055380985140800476, 0.05538013577461243, 0.05538371205329895, 0.0553789846599102, 0.05538102611899376, 0.055387482047080994, 0.05537791550159454, 0.055373113602399826, 0.05536225438117981, 0.05534091219305992, 0.05535506084561348, 0.05534118413925171, 0.055322542786598206, 0.05530286952853203, 0.05534237623214722, 0.05529981851577759, 0.05523981153964996, 0.0553114153444767, 0.053711455315351486, 0.05538684129714966, 0.05538521334528923, 0.055384013801813126, 0.05538349226117134, 0.055382758378982544, 0.05537931248545647, 0.05537337064743042, 0.05536384508013725, 0.05529608950018883, 0.05469450354576111, 0.05090418457984924, 0.051513463258743286, 0.04782112315297127, 0.04366827383637428, 0.026399066671729088, 0.02844194509088993, 0.020931631326675415, 0.017344120889902115, 0.020049309358000755, 0.015116728842258453, 0.0171330738812685, 0.01304179709404707, 0.011281784623861313, 0.011361636221408844, 0.009714400395751, 0.009386776946485043, 0.00894295796751976, 0.009053013287484646], "val_l1": [0.00019007672381121665, 0.00011005159467458725, 0.00011375641770428047, 0.00015219424676615745, 7.443441427312791e-05, 9.337329538539052e-05, 0.0001344059855910018, 6.799383118050173e-05, 9.714226325741038e-05, 0.0001364301424473524, 6.922789179952815e-05, 8.935623918659985e-05, 0.00015584849461447448, 7.244638254633173e-05, 9.45396677707322e-05, 0.00013333160313777626, 6.52527014608495e-05, 0.00010063933586934581, 0.00015283013635780662, 4.706364779849537e-05, 9.05406559468247e-05, 0.0001312768436037004, 6.73327231197618e-05, 9.190572745865211e-05, 0.00012875061656814069, 6.968814705032855e-05, 9.769591270014644e-05, 0.00012710585724562407, 6.655239121755585e-05, 5.267165761324577e-05, 5.7044177083298564e-05, 0.0001279140851693228, 4.609953612089157e-05, 6.068336733733304e-05, 5.176775448489934e-05, 4.9757054512156174e-05, 4.891757635050453e-05, 5.580297511187382e-05, 5.2357299864524975e-05, 5.3227577154757455e-05, 4.790175080415793e-05, 7.48867096262984e-05, 0.0003104544011875987, 0.00016560607764404267, 0.00021356802608352154, 0.0003058369329664856, 0.0006494002882391214, 0.0006711684982292354, 0.0006756625953130424, 0.0006935829296708107, 0.0007786449859850109, 0.0007108803256414831, 0.0006936609279364347, 0.00073430803604424, 0.0007265961612574756, 0.0006206311518326402, 0.000802404887508601, 0.0006843938608653843, 0.0006674366886727512, 0.0006734961643815041]}