{"loss": [0.06797009706497192, 0.05884430184960365, 0.034410834312438965, 0.05723609775304794, 0.0581357404589653, 0.06829805672168732, 0.05763565003871918, 0.055891118943691254, 0.03367973119020462, 0.04923056438565254], "l2": [0.06416484713554382, 0.0528133362531662, 0.028506239876151085, 0.04792093113064766, 0.046390797942876816, 0.05342545732855797, 0.04184520244598389, 0.04117581620812416, 0.025261709466576576, 0.03660381957888603], "l1": [0.00038052487070672214, 0.0006030966178514063, 0.0005904593854211271, 0.0009315165807493031, 0.0011744941584765911, 0.001487260335125029, 0.0015790447359904647, 0.00147153006400913, 0.0008418022771365941, 0.0012626744573935866], "val_loss": [0.07518888264894485, 0.07026350498199463, 0.06578794121742249, 0.06351419538259506, 0.060708098113536835, 0.05911457538604736, 0.05919576436281204, 0.0577722042798996, 0.05674789473414421, 0.0565180703997612], "val_l2": [0.07107122987508774, 0.06326811760663986, 0.05617676302790642, 0.049715716391801834, 0.04805320128798485, 0.04598076269030571, 0.04858674481511116, 0.04585304483771324, 0.042718153446912766, 0.043092723935842514], "val_l1": [0.00041176562081091106, 0.0006995387957431376, 0.0009611175046302378, 0.0013798478757962584, 0.0012654898455366492, 0.001313381246291101, 0.0010609019082039595, 0.0011919158278033137, 0.0014029741287231445, 0.0013425344368442893]}