{"loss": [0.1484745293855667, 0.13848409056663513, 0.14048367738723755, 0.11733543872833252, 0.138150155544281, 0.13755851984024048, 0.09587426483631134, 0.12545663118362427, 0.1141974925994873, 0.1047629565000534], "l2": [0.1411159783601761, 0.10315599292516708, 0.09522268921136856, 0.0733707919716835, 0.09486442804336548, 0.09665951877832413, 0.05773391202092171, 0.06723584234714508, 0.07411298155784607, 0.059149324893951416], "l1": [0.0007358553702943027, 0.0035328094381839037, 0.004526098724454641, 0.004396464675664902, 0.004328572656959295, 0.004089899826794863, 0.003814035328105092, 0.005822079721838236, 0.004008451011031866, 0.0045613632537424564], "val_loss": [0.16708315908908844, 0.13116669654846191, 0.12276128679513931, 0.11885708570480347, 0.11752574145793915, 0.1164887323975563, 0.11057712882757187, 0.10818453133106232, 0.10716978460550308, 0.10400505363941193], "val_l2": [0.15988270938396454, 0.0948641300201416, 0.08124307543039322, 0.07618140429258347, 0.07171610742807388, 0.07630082964897156, 0.06353255361318588, 0.06326999515295029, 0.06426985561847687, 0.058429330587387085], "val_l1": [0.0007200448890216649, 0.0036302574444562197, 0.004151821136474609, 0.004267568234354258, 0.004580963868647814, 0.00401879008859396, 0.0047044577077031136, 0.0044914535246789455, 0.004289993084967136, 0.004557571839541197]}