{"loss": [0.1329037845134735, 0.10076327621936798, 0.15826663374900818, 0.11635604500770569, 0.09802635759115219, 0.13946346938610077, 0.11677257716655731, 0.1500701606273651, 0.10887176543474197, 0.0847378745675087, 0.13082106411457062, 0.149637833237648, 0.10566360503435135, 0.1280975639820099, 0.09827031195163727, 0.08639170229434967, 0.09833278506994247, 0.11337979882955551, 0.10459792613983154, 0.09732046723365784], "l2": [0.13063062727451324, 0.10001566261053085, 0.156606525182724, 0.11428477615118027, 0.09656260162591934, 0.13891012966632843, 0.11606216430664062, 0.1446196585893631, 0.10363587737083435, 0.07781989127397537, 0.1171334981918335, 0.13499753177165985, 0.09232298284769058, 0.11238255351781845, 0.08408518880605698, 0.0745750293135643, 0.08528033643960953, 0.09713707119226456, 0.08536595106124878, 0.07989645004272461], "l1": [0.00022731597709935158, 7.476112659787759e-05, 0.00016601143579464406, 0.00020712650439236313, 0.00014637550339102745, 5.533361036214046e-05, 7.104125688783824e-05, 0.0005450507742352784, 0.0005235886201262474, 0.0006917982827872038, 0.0013687567552551627, 0.0014640303561463952, 0.0013340619625523686, 0.001571500557474792, 0.0014185123145580292, 0.0011816672049462795, 0.0013052449794486165, 0.0016242727870121598, 0.0019231978803873062, 0.0017424015095457435], "val_loss": [0.15157143771648407, 0.15217049419879913, 0.15311439335346222, 0.15235190093517303, 0.15137773752212524, 0.1511085480451584, 0.15146374702453613, 0.15040555596351624, 0.14903277158737183, 0.14564695954322815, 0.1457500010728836, 0.1437157690525055, 0.14353446662425995, 0.14165113866329193, 0.13972610235214233, 0.1391294151544571, 0.13676956295967102, 0.12936069071292877, 0.12452748417854309, 0.12107402831315994], "val_l2": [0.15066765248775482, 0.15067079663276672, 0.1506624072790146, 0.15050047636032104, 0.15042662620544434, 0.150445818901062, 0.14996682107448578, 0.14932942390441895, 0.14579534530639648, 0.13727609813213348, 0.1377429962158203, 0.1331998109817505, 0.13198815286159515, 0.12974923849105835, 0.12695102393627167, 0.12520034611225128, 0.12324175238609314, 0.11198053508996964, 0.10599952936172485, 0.09913292527198792], "val_l1": [9.037912968778983e-05, 0.0001499704085290432, 0.00024519822909496725, 0.00018514278053771704, 9.511073585599661e-05, 6.627236871281639e-05, 0.00014969328185543418, 0.00010761275188997388, 0.0003237429482396692, 0.000837085593957454, 0.0008007009164430201, 0.0010515956673771143, 0.001154631725512445, 0.0011901893885806203, 0.0012775077484548092, 0.0013929064152762294, 0.0013527810806408525, 0.0017380161443725228, 0.0018527951324358582, 0.0021941105369478464]}