{"loss": [0.33657246828079224, 0.38362717628479004, 0.4468402862548828, 0.5980506539344788, 0.41979679465293884, 0.5154050588607788, 0.7058669924736023, 0.9377263784408569, 0.28699326515197754, 0.9950774312019348, 0.6601423025131226, 0.584094226360321, 0.43135228753089905, 0.2525574862957001, 0.39994046092033386, 0.27141073346138, 0.2578831613063812, 0.5019837617874146, 0.4153369963169098, 0.3828078806400299, 0.39947038888931274, 0.27543166279792786, 0.510670006275177, 0.18785744905471802, 0.392069548368454, 0.3683694005012512, 0.15962213277816772, 0.3190537989139557, 0.2837175130844116, 0.32422396540641785, 0.5078091025352478, 0.28875505924224854, 0.30726295709609985, 0.14604581892490387, 1.0330719947814941, 0.46761631965637207, 0.2949633002281189, 0.4030052721500397, 0.3526070713996887, 0.6113148927688599, 0.6882156133651733, 0.5538748502731323, 0.33072346448898315, 0.6229854822158813, 0.382415771484375, 0.4053975045681, 0.49100151658058167, 0.35804855823516846, 0.518906831741333, 0.25432008504867554, 0.2033659815788269, 0.3063938021659851, 0.8551180362701416, 0.19947700202465057, 0.41503041982650757, 0.3282524645328522, 0.3877279758453369, 0.40593311190605164, 0.23513932526111603, 0.26850634813308716, 0.7423003315925598, 0.5212532877922058, 0.2591264545917511, 0.5118423104286194, 0.35890477895736694, 0.602451741695404, 0.19546914100646973, 0.2955315113067627, 0.3388596773147583, 0.3243429958820343, 0.5446765422821045, 0.6568953394889832, 0.41252222657203674, 0.1810184121131897, 0.5298293828964233, 0.050857219845056534, 0.23437635600566864, 0.7056794166564941, 0.16347557306289673, 0.38826340436935425, 0.3210102617740631, 0.1876419484615326, 0.2844336926937103, 0.40271106362342834, 0.4905281364917755, 0.24213097989559174, 0.37714970111846924, 0.29845738410949707, 0.44112491607666016, 0.3906678855419159, 0.2568188011646271, 0.20954860746860504, 0.47330066561698914, 0.5021123290061951, 0.7460022568702698, 0.47053295373916626, 0.2800523638725281, 0.39076119661331177, 0.4896104037761688, 0.0829521119594574], "l2": [0.31481122970581055, 0.36567941308021545, 0.42042112350463867, 0.545117199420929, 0.3738259971141815, 0.4658330976963043, 0.6435708999633789, 0.85286545753479, 0.24235564470291138, 0.9059702754020691, 0.5870004296302795, 0.5265515446662903, 0.37810006737709045, 0.20855705440044403, 0.35681164264678955, 0.23180647194385529, 0.2148226499557495, 0.42921915650367737, 0.36048364639282227, 0.3326490819454193, 0.3548312187194824, 0.23056691884994507, 0.4385954439640045, 0.14844898879528046, 0.34044018387794495, 0.3158574104309082, 0.12906183302402496, 0.27087971568107605, 0.23123158514499664, 0.27088478207588196, 0.44484421610832214, 0.2483414262533188, 0.258774995803833, 0.11530568450689316, 0.9266357421875, 0.40402039885520935, 0.24501211941242218, 0.3531704843044281, 0.3064056932926178, 0.528610110282898, 0.6093828082084656, 0.4799441397190094, 0.2732842266559601, 0.5553237795829773, 0.32853978872299194, 0.3480355739593506, 0.42068925499916077, 0.3071526885032654, 0.4462634325027466, 0.21039460599422455, 0.16798125207424164, 0.26082807779312134, 0.7493008971214294, 0.16047339141368866, 0.3546861410140991, 0.28508099913597107, 0.33602550625801086, 0.3426755964756012, 0.19891895353794098, 0.2227715402841568, 0.645608127117157, 0.44464215636253357, 0.22490639984607697, 0.4410547912120819, 0.3029760420322418, 0.5238693356513977, 0.15595732629299164, 0.24997390806674957, 0.28289446234703064, 0.2672305405139923, 0.4498543441295624, 0.5694078207015991, 0.34354472160339355, 0.14818601310253143, 0.4487888514995575, 0.037928465753793716, 0.18966317176818848, 0.6023593544960022, 0.12964943051338196, 0.3271990716457367, 0.26675572991371155, 0.1526271551847458, 0.2417812943458557, 0.34275615215301514, 0.41407856345176697, 0.1994510442018509, 0.30771782994270325, 0.23757214844226837, 0.37146544456481934, 0.328894704580307, 0.20245695114135742, 0.16581229865550995, 0.3926236927509308, 0.4178014099597931, 0.6376546621322632, 0.39779558777809143, 0.22962160408496857, 0.34394386410713196, 0.41813382506370544, 0.060889262706041336], "l1": [0.002176123671233654, 0.001794775016605854, 0.0026419160421937704, 0.005293343216180801, 0.004597079940140247, 0.004957194440066814, 0.006229611579328775, 0.008486093953251839, 0.004463762044906616, 0.008910714648663998, 0.007314188871532679, 0.005754267331212759, 0.005325221922248602, 0.004400043282657862, 0.004312881268560886, 0.003960426431149244, 0.004306050483137369, 0.007276460528373718, 0.005485334899276495, 0.005015880335122347, 0.00446391711011529, 0.004486474674195051, 0.007207456976175308, 0.003940845839679241, 0.005162936169654131, 0.0052511985413730145, 0.003056030720472336, 0.004817407112568617, 0.00524859270080924, 0.005333917681127787, 0.0062964861281216145, 0.004041364416480064, 0.004848795477300882, 0.0030740138608962297, 0.010643626563251019, 0.006359592080116272, 0.004995116498321295, 0.004983479622751474, 0.0046201362274587154, 0.008270476944744587, 0.007883279584348202, 0.007393068168312311, 0.005743924528360367, 0.006766170728951693, 0.005387597251683474, 0.005736193154007196, 0.00703122653067112, 0.005089586600661278, 0.007264336571097374, 0.004392549395561218, 0.003538472345098853, 0.004556573461741209, 0.01058171410113573, 0.0039003610145300627, 0.006034426391124725, 0.004317146725952625, 0.005170246120542288, 0.006325752008706331, 0.003622037125751376, 0.0045734792947769165, 0.009669221937656403, 0.007661115378141403, 0.003422006731852889, 0.007078750524669886, 0.005592875182628632, 0.00785824190825224, 0.0039511811919510365, 0.004555759951472282, 0.005596519913524389, 0.005711244884878397, 0.009482220746576786, 0.008748751133680344, 0.006897750776261091, 0.0032832396682351828, 0.008104055188596249, 0.0012928753858432174, 0.004471318330615759, 0.01033200416713953, 0.003382613882422447, 0.006106432061642408, 0.005425452720373869, 0.0035014788154512644, 0.004265238996595144, 0.005995490122586489, 0.007644957397133112, 0.004267993848770857, 0.006943185348063707, 0.006088525056838989, 0.00696594687178731, 0.006177317351102829, 0.005436185747385025, 0.004373630508780479, 0.008067697286605835, 0.008431090041995049, 0.010834761895239353, 0.00727373780682683, 0.005043076816946268, 0.004681733902543783, 0.00714765815064311, 0.0022062852513045073],