{"loss": [0.05712921917438507, 0.06621939688920975, 0.04415014013648033, 0.0708855539560318, 0.05856223776936531, 0.06279271841049194, 0.07413177937269211, 0.06059059500694275, 0.0505041778087616, 0.060610681772232056, 0.06159592792391777, 0.0685955286026001, 0.049501076340675354, 0.06652527302503586, 0.10480892658233643, 0.07281673699617386, 0.03334185481071472, 0.039664432406425476, 0.0599418468773365, 0.06270525604486465, 0.0816798284649849, 0.03946594521403313, 0.11339505761861801, 0.0499245710670948, 0.037773292511701584, 0.08729545027017593, 0.030882807448506355, 0.04979205131530762, 0.07945840805768967, 0.039285097271203995], "l2": [0.05712921917438507, 0.06621939688920975, 0.04415014013648033, 0.0708855539560318, 0.05856223776936531, 0.06279271841049194, 0.07413177937269211, 0.06059059500694275, 0.0505041778087616, 0.060610681772232056, 0.06159592792391777, 0.0685955286026001, 0.049501076340675354, 0.06652527302503586, 0.10480892658233643, 0.07281673699617386, 0.03334185481071472, 0.039664432406425476, 0.0599418468773365, 0.06270525604486465, 0.0816798284649849, 0.03946594521403313, 0.11339505761861801, 0.0499245710670948, 0.037773292511701584, 0.08729545027017593, 0.030882807448506355, 0.04979205131530762, 0.07945840805768967, 0.039285097271203995], "l1": [0.0, 0.0, 0.0, 0.0, 0.0, 0.0, 0.0, 0.0, 0.0, 0.0, 0.0, 0.0, 0.0, 0.0, 0.0, 0.0, 0.0, 0.0, 0.0, 0.0, 0.0, 0.0, 0.0, 0.0, 0.0, 0.0, 0.0, 0.0, 0.0, 0.0], "val_loss": [0.05692681297659874, 0.05692681297659874, 0.05692681297659874, 0.05692681297659874, 0.05692681297659874, 0.05692681297659874, 0.05692681297659874, 0.05692681297659874, 0.05692681297659874, 0.05692681297659874, 0.05692681297659874, 0.05692681297659874, 0.05692681297659874, 0.05692681297659874, 0.05692681297659874, 0.05692681297659874, 0.05692681297659874, 0.05692681297659874, 0.05692681297659874, 0.05692681297659874, 0.05692681297659874, 0.05692681297659874, 0.05692681297659874, 0.05692681297659874, 0.05692681297659874, 0.05692681297659874, 0.05692681297659874, 0.05692681297659874, 0.05692681297659874, 0.05692681297659874], "val_l2": [0.05692681297659874, 0.05692681297659874, 0.05692681297659874, 0.05692681297659874, 0.05692681297659874, 0.05692681297659874, 0.05692681297659874, 0.05692681297659874, 0.05692681297659874, 0.05692681297659874, 0.05692681297659874, 0.05692681297659874, 0.05692681297659874, 0.05692681297659874, 0.05692681297659874, 0.05692681297659874, 0.05692681297659874, 0.05692681297659874, 0.05692681297659874, 0.05692681297659874, 0.05692681297659874, 0.05692681297659874, 0.05692681297659874, 0.05692681297659874, 0.05692681297659874, 0.05692681297659874, 0.05692681297659874, 0.05692681297659874, 0.05692681297659874, 0.05692681297659874], "val_l1": [0.0, 0.0, 0.0, 0.0, 0.0, 0.0, 0.0, 0.0, 0.0, 0.0, 0.0, 0.0, 0.0, 0.0, 0.0, 0.0, 0.0, 0.0, 0.0, 0.0, 0.0, 0.0, 0.0, 0.0, 0.0, 0.0, 0.0, 0.0, 0.0, 0.0]}