{"loss": [0.2187090516090393, 0.16139881312847137, 0.1981930434703827, 0.14368094503879547, 0.13483862578868866, 0.11736855655908585, 0.11103275418281555, 0.1258106231689453, 0.10240870714187622, 0.07132451236248016, 0.10781098157167435, 0.10704895108938217, 0.08671274781227112, 0.10092727839946747, 0.09602107107639313, 0.0790715217590332, 0.07696519047021866, 0.08640757203102112, 0.0864918977022171, 0.07333406805992126, 0.07038993388414383, 0.07786738872528076, 0.07417631149291992, 0.061654746532440186, 0.0712716355919838, 0.05601467192173004, 0.07689596712589264, 0.06543692201375961, 0.07064348459243774, 0.05452994629740715, 0.0731707513332367, 0.0584087073802948, 0.052183449268341064, 0.06609410792589188, 0.07266584038734436, 0.055857717990875244, 0.07470984756946564, 0.0653926208615303, 0.06988976895809174, 0.07250813394784927], "l2": [0.20614875853061676, 0.139659121632576, 0.1619226336479187, 0.10608655214309692, 0.09227785468101501, 0.07778739184141159, 0.07130079716444016, 0.07789119333028793, 0.06294063478708267, 0.03632570430636406, 0.06426636129617691, 0.06905947625637054, 0.04965880140662193, 0.05799243226647377, 0.05526775121688843, 0.04528827592730522, 0.04443599283695221, 0.0505589060485363, 0.050920773297548294, 0.040631964802742004, 0.04131155461072922, 0.046060871332883835, 0.04226312041282654, 0.03601231053471565, 0.04327993467450142, 0.03184259310364723, 0.044130366295576096, 0.03951752558350563, 0.04419925436377525, 0.031837109476327896, 0.04310296103358269, 0.03284813091158867, 0.028824368491768837, 0.03914574161171913, 0.043728057295084, 0.031829264014959335, 0.046176422387361526, 0.03883017227053642, 0.04304845258593559, 0.04059448465704918], "l1": [0.0012560291215777397, 0.002173968590795994, 0.0036270401906222105, 0.0037594393361359835, 0.004256077576428652, 0.003958116285502911, 0.00397319532930851, 0.004791942425072193, 0.003946807235479355, 0.0034998804330825806, 0.004354462027549744, 0.003798947436735034, 0.00370539422146976, 0.00429348461329937, 0.004075332079082727, 0.0033783249091356993, 0.003252919763326645, 0.0035848666448146105, 0.0035571129992604256, 0.003270209999755025, 0.00290783797390759, 0.0031806521583348513, 0.0031913185957819223, 0.0025642437394708395, 0.0027991700917482376, 0.002417207695543766, 0.0032765597570687532, 0.0025919394101947546, 0.002644422696903348, 0.0022692836355417967, 0.003006779355928302, 0.0025560574140399694, 0.0023359081242233515, 0.0026948368176817894, 0.0028937782626599073, 0.002402845537289977, 0.0028533420991152525, 0.002656244905665517, 0.0026841319631785154, 0.0031913649290800095], "val_loss": [0.17786866426467896, 0.16538386046886444, 0.14877364039421082, 0.1333373486995697, 0.11822791397571564, 0.10752983391284943, 0.1000804677605629, 0.09524188935756683, 0.09498395025730133, 0.08882251381874084, 0.08386822044849396, 0.08576823770999908, 0.0779208391904831, 0.07925686240196228, 0.07372568547725677, 0.07327552139759064, 0.07209515571594238, 0.06868994981050491, 0.06771112978458405, 0.06940387189388275, 0.06559068709611893, 0.06535482406616211, 0.06462332606315613, 0.06485994160175323, 0.062031932175159454, 0.06116950884461403, 0.0641096830368042, 0.0605570450425148, 0.06056514382362366, 0.06002815067768097, 0.05887431651353836, 0.05910012871026993, 0.05841865763068199, 0.05791421979665756, 0.060062915086746216, 0.059422943741083145, 0.05715854838490486, 0.05727050453424454, 0.05758972465991974, 0.05625854432582855], "val_l2": [0.16651402413845062, 0.14404045045375824, 0.11812574416399002, 0.09858846664428711, 0.07990790903568268, 0.06936082243919373, 0.06417336314916611, 0.059249162673950195, 0.05773397907614708, 0.05145927146077156, 0.0493459552526474, 0.046037983149290085, 0.04572181776165962, 0.045445021241903305, 0.04263921082019806, 0.04079984128475189, 0.04148780182003975, 0.04159838333725929, 0.03808135166764259, 0.03854793682694435, 0.03811454400420189, 0.03720873221755028, 0.03817472606897354, 0.037160199135541916, 0.036831095814704895, 0.036172110587358475, 0.039360594004392624, 0.035253677517175674, 0.034375451505184174, 0.03681296110153198, 0.035866912454366684, 0.0351225882768631, 0.03427242860198021, 0.03357299044728279, 0.03364256024360657, 0.03301842883229256, 0.033588994294404984, 0.033393558114767075, 0.032731857150793076, 0.033910125494003296], "val_l1": [0.001135463360697031, 0.002134340815246105, 0.0030647888779640198, 0.0034748874604701996, 0.003832000307738781, 0.0038169007748365402, 0.003590710461139679, 0.0035992730408906937, 0.003724997630342841, 0.0037363239098340273, 0.003452226286754012, 0.00397302582859993, 0.0032199022825807333, 0.0033811843022704124, 0.00310864788480103, 0.0032475683838129044, 0.003060735762119293, 0.0027091566007584333, 0.0029629776254296303, 0.0030855934601277113, 0.0027476141694933176, 0.002814608858898282, 0.00264485995285213, 0.0027699742931872606, 0.0025200836826115847, 0.002499739872291684, 0.00247490918263793, 0.0025303366128355265, 0.0026189691852778196, 0.0023215191904455423, 0.0023007402196526527, 0.002397754229605198, 0.0024146228097379208, 0.0024341230746358633, 0.0026420357171446085, 0.0026404515374451876, 0.0023569553159177303, 0.0023876947816461325, 0.002485786797478795, 0.0022348419297486544]}