{"loss": [0.3283925950527191, 0.2522332966327667, 0.4695550799369812, 0.5807960033416748, 0.4386848509311676, 0.5341219902038574, 0.7731760144233704, 1.0649361610412598, 0.3297136425971985, 1.1194202899932861, 0.7531678080558777, 0.6312769651412964, 0.491206556558609, 0.29406747221946716, 0.44033896923065186, 0.30696672201156616, 0.2913452386856079, 0.5861333608627319, 0.4928656220436096, 0.4342609643936157, 0.44874057173728943, 0.3000520169734955, 0.5990951657295227, 0.21355034410953522, 0.42910486459732056, 0.4109274744987488, 0.17691053450107574, 0.3521497845649719, 0.3193114101886749, 0.34272879362106323, 0.5683464407920837, 0.33850088715553284, 0.3573334515094757, 0.15746749937534332, 1.1422170400619507, 0.5546988248825073, 0.3604757487773895, 0.46390780806541443, 0.3903961181640625, 0.694393515586853, 0.8090789914131165, 0.6328461766242981, 0.42340004444122314, 0.7053866386413574, 0.42480024695396423, 0.46693944931030273, 0.5447142720222473, 0.3919019103050232, 0.5812233686447144, 0.28471818566322327, 0.22248081862926483, 0.3349055051803589, 0.9886278510093689, 0.2353193461894989, 0.5002895593643188, 0.35207292437553406, 0.4417426586151123, 0.4350718557834625, 0.25009313225746155, 0.3064633011817932, 0.8650696277618408, 0.5766952633857727, 0.273822546005249, 0.5799965262413025, 0.41580867767333984, 0.6657050251960754, 0.2205514758825302, 0.34901559352874756, 0.38398653268814087, 0.38187772035598755, 0.6521950364112854, 0.7480524778366089, 0.5006244778633118, 0.2058068960905075, 0.6162875890731812, 0.053985871374607086, 0.2776433825492859, 0.8467572927474976, 0.19039016962051392, 0.4321780204772949, 0.3664613962173462, 0.21153417229652405, 0.34253135323524475, 0.44055938720703125, 0.5665364265441895, 0.2638148069381714, 0.43639522790908813, 0.3512038588523865, 0.5095288157463074, 0.4411051571369171, 0.30004462599754333, 0.24488909542560577, 0.5555716753005981, 0.609951376914978, 0.8808205127716064, 0.5591962933540344, 0.3126995265483856, 0.38210681080818176, 0.5846971273422241, 0.091216541826725], "l2": [0.31161826848983765, 0.22372597455978394, 0.4094944894313812, 0.5063124299049377, 0.3872947692871094, 0.46743354201316833, 0.6760237812995911, 0.957470178604126, 0.28416985273361206, 1.0183461904525757, 0.6551181674003601, 0.5606334805488586, 0.43846043944358826, 0.25005948543548584, 0.3856826722621918, 0.2610372304916382, 0.2537277042865753, 0.5132921934127808, 0.42261794209480286, 0.371600478887558, 0.39663711190223694, 0.2539651691913605, 0.5082249641418457, 0.17005400359630585, 0.372299462556839, 0.34755316376686096, 0.1457444429397583, 0.29555365443229675, 0.254526287317276, 0.2831517159938812, 0.4941524267196655, 0.28973910212516785, 0.2912692725658417, 0.12678085267543793, 0.9947894215583801, 0.46443644165992737, 0.30054765939712524, 0.4017709493637085, 0.33121880888938904, 0.5830526947975159, 0.7124571800231934, 0.5256438851356506, 0.352096825838089, 0.6205938458442688, 0.3512789309024811, 0.39376381039619446, 0.44162681698799133, 0.3236845135688782, 0.49404028058052063, 0.23493851721286774, 0.1839517503976822, 0.2820449471473694, 0.8269495964050293, 0.19542019069194794, 0.4220069646835327, 0.29528355598449707, 0.38163673877716064, 0.3512045443058014, 0.20674492418766022, 0.2518729269504547, 0.7324733734130859, 0.4726034104824066, 0.22779566049575806, 0.4779418706893921, 0.34719085693359375, 0.5699403882026672, 0.1671731024980545, 0.29589366912841797, 0.31764188408851624, 0.2970779538154602, 0.5398620963096619, 0.6234700679779053, 0.40031102299690247, 0.16792911291122437, 0.5116384029388428, 0.04373681917786598, 0.21379774808883667, 0.699152946472168, 0.15078121423721313, 0.35000598430633545, 0.30045178532600403, 0.17363305389881134, 0.27781200408935547, 0.35910847783088684, 0.46441400051116943, 0.2122640162706375, 0.351322203874588, 0.2836388945579529, 0.41397738456726074, 0.3524533808231354, 0.23710161447525024, 0.19585394859313965, 0.44659295678138733, 0.49005910754203796, 0.7488698959350586, 0.4569794237613678, 0.2526010274887085, 0.3105916678905487, 0.4761393368244171, 0.07054291665554047], "l1": [0.001677431631833315, 0.002850731136277318, 0.006006060633808374, 0.007448356598615646, 0.005139008164405823, 0.0066688465885818005, 0.009715220890939236, 0.010746599175035954, 0.004554379265755415, 0.01010741014033556, 0.009804963134229183, 0.007064348086714745, 0.005274611990898848, 0.0044007995165884495, 0.005465628579258919, 0.004592949990183115, 0.0037617518100887537, 0.007284118328243494, 0.007024766877293587, 0.006266046781092882, 0.005210347007960081, 0.004608685150742531, 0.009087019599974155, 0.004349634051322937, 0.005680540110915899, 0.006337429862469435, 0.0031166092958301306, 0.0056596118956804276, 0.00647851312533021, 0.005957707297056913, 0.007419403642416, 0.004876177292317152, 0.006606417242437601, 0.0030686648096889257, 0.014742757193744183, 0.00902623776346445, 0.005992808844894171, 0.006213686894625425, 0.005917730275541544, 0.01113408338278532, 0.00966218113899231, 0.010720226913690567, 0.007130322512239218, 0.008479279465973377, 0.007352131884545088, 0.00731756491586566, 0.010308743454515934, 0.0068217390216887, 0.008718308992683887, 0.0049779657274484634, 0.0038529064040631056, 0.005286054220050573, 0.01616782508790493, 0.0039899153634905815, 0.007828260771930218, 0.005678936373442411, 0.006010591518133879, 0.008386730216443539, 0.004334820434451103, 0.00545903667807579, 0.013259626924991608, 0.010409187525510788, 0.0046026878990232944, 0.010205465368926525, 0.006861782167106867, 0.00957646407186985, 0.005337837617844343, 0.005312193185091019, 0.0066344658844172955, 0.00847997609525919, 0.011233293451368809, 0.012458243407309055, 0.01003134436905384, 0.003787778317928314, 0.010464916937053204, 0.0010249052429571748, 0.006384562700986862, 0.014760433696210384, 0.003960894886404276, 0.008217205293476582, 0.006600962486118078, 0.0037901115138083696, 0.006471935193985701, 0.008145091123878956, 0.010212242603302002, 0.0051550776697695255, 0.008507302962243557, 0.006756498012691736, 0.009555145166814327, 0.008865178562700748, 0.0062943012453615665, 0.00490351440384984, 0.010897872038185596, 0.011989227496087551, 0.01319506298750639, 0.010221689008176327, 0.006009850185364485, 0.007151514757424593, 0.0108557790517807, 0.00206736265681684],