{"loss": [0.23466454446315765, 0.33779773116111755, 0.28166306018829346, 0.23892943561077118], "l2": [0.20009471476078033, 0.2890883982181549, 0.23995359241962433, 0.1950809508562088], "l1": [0.0034569830168038607, 0.004870932083576918, 0.004170945379883051, 0.00438484875485301], "val_loss": [0.5752901434898376, 0.5428498983383179, 0.6556714177131653, 0.45770782232284546], "val_l2": [0.4930167496204376, 0.4540137052536011, 0.5444313883781433, 0.38173866271972656], "val_l1": [0.008227339945733547, 0.008883621543645859, 0.011124004609882832, 0.007596916053444147]}