{"loss": [4.191810607910156, 2.7703914642333984, 1.3817498683929443, 2.129452705383301, 2.190183162689209, 2.1223092079162598, 1.7246932983398438, 1.6525059938430786, 0.9883207082748413, 1.4166016578674316], "l2": [3.962754011154175, 2.5014898777008057, 1.1428866386413574, 1.7834819555282593, 1.8209892511367798, 1.6669411659240723, 1.3203002214431763, 1.2422246932983398, 0.6878290772438049, 1.0124658346176147], "l1": [0.02290567196905613, 0.026890164241194725, 0.023886317387223244, 0.03459708392620087, 0.036919400095939636, 0.04553680121898651, 0.04043930023908615, 0.04102813079953194, 0.030049161985516548, 0.04041358456015587], "val_loss": [4.606619834899902, 3.240781307220459, 2.651731014251709, 2.3765852451324463, 2.319491386413574, 2.033214569091797, 1.7716608047485352, 1.7419275045394897, 1.6818363666534424, 1.6731791496276855], "val_l2": [4.372438907623291, 2.896622657775879, 2.322155714035034, 2.023226499557495, 1.9637209177017212, 1.6143649816513062, 1.3803685903549194, 1.3268836736679077, 1.2809423208236694, 1.284792184829712], "val_l1": [0.023418104276061058, 0.03441585227847099, 0.032957524061203, 0.03533586487174034, 0.03557705879211426, 0.04188496246933937, 0.039129216223955154, 0.041504379361867905, 0.04008940979838371, 0.0388386994600296]}