{"loss": [0.2187090665102005, 0.16139885783195496, 0.198194682598114, 0.14358103275299072, 0.13504727184772491, 0.11644351482391357, 0.11190080642700195, 0.12492828071117401, 0.09645379334688187, 0.06808042526245117], "l2": [0.20614878833293915, 0.139659121632576, 0.16192521154880524, 0.10619747638702393, 0.09339902549982071, 0.07816783338785172, 0.06669721752405167, 0.07796715199947357, 0.05782744288444519, 0.037917252629995346], "l1": [0.0012560279574245214, 0.002173973945900798, 0.0036269472911953926, 0.00373835489153862, 0.004164824262261391, 0.0038275683764368296, 0.004520358517765999, 0.0046961125917732716, 0.003862634999677539, 0.0030163172632455826], "val_loss": [0.17786866426467896, 0.1653839498758316, 0.148774191737175, 0.1336616724729538, 0.11733253300189972, 0.10643769055604935, 0.10008636116981506, 0.09492050856351852, 0.09028574824333191, 0.08831541240215302], "val_l2": [0.16651403903961182, 0.14404042065143585, 0.11812210083007812, 0.09921500831842422, 0.08264397829771042, 0.06897900253534317, 0.06311725825071335, 0.058684393763542175, 0.055344562977552414, 0.05273870751261711], "val_l1": [0.0011354618472978473, 0.002134353155270219, 0.003065209137275815, 0.0034446660429239273, 0.003468855516985059, 0.0037458688020706177, 0.003696909872815013, 0.00362361129373312, 0.003494118107482791, 0.0035576701629906893]}